InnerIters,OuterIters,ResidualReductions,SimTime
7,1,0.0012890538698526368,505.2175025254473
