InnerIters,OuterIters,ResidualReductions,SimTime
3,1,0.002148395338222766,2526.0875126272367
