InnerIters,OuterIters,ResidualReductions,SimTime
4,1,0.0013555337321375948,1010.4350050508946
