InnerIters,OuterIters,ResidualReductions,SimTime
3,1,0.002706285250672856,4041.7400202035783
