InnerIters,OuterIters,ResidualReductions,SimTime
3,1,0.003266689702583228,6062.610030305368
