InnerIters,OuterIters,ResidualReductions,SimTime
3,1,0.0036722207272455094,8083.480040407157
