InnerIters,OuterIters,ResidualReductions,SimTime
21,1,0.0006015966515031209,252.60875126272364
