InnerIters,OuterIters,ResidualReductions,SimTime
3,1,0.0019246557514481315,2020.8700101017891
