InnerIters,OuterIters,ResidualReductions,SimTime
1,40,0.010876413619604642,24231.25716887543
