InnerIters,OuterIters,ResidualReductions,SimTime
1,13,0.005718372522951358,4038.542861479238
