Dt,DxAvg,DxMax,DxMin,KSPF0,KSPFSLow,KSPSchur,KSPother,NuCFL,PETSCLogKSPSolve,PETSCLogPCApply,PETSCLogPCSetup,PETSCLogPreSNESFunctionEval,PETSCLogPreSNESJacobianEval,PETSCLogPreSetup,SNESFunctionEval,SNESJacobianEval,SNESSolve,num_cells,num_horizontal_cells,num_processes,order,refinement_level,total_dofs,velocity_pressure_dofs,vertical_layers
2019.271430739619,327027.38591213105,346305.05037184467,307749.7214524174,0.24102604389190674,0.23608465790748595,6.109371548891067,0.6478565752506258,2,7.2343388259410855,6.7637040376663204,0.0,0.44274619221687317,1.3850708901882172,7.9900077223777775,0.19560645818710326,5.276799201965332e-05,7.431614148616791,5120,5120,40,2,4,9205760,7224320,64
