Dt,DxAvg,DxMax,DxMin,KSPF0,KSPFSLow,KSPSchur,KSPother,NuCFL,PETSCLogKSPSolve,PETSCLogPCApply,PETSCLogPCSetup,PETSCLogPreSNESFunctionEval,PETSCLogPreSNESJacobianEval,PETSCLogPreSetup,SNESFunctionEval,SNESJacobianEval,SNESSolve,num_cells,num_horizontal_cells,num_processes,order,refinement_level,total_dofs,velocity_pressure_dofs,vertical_layers
24231.25716887543,327027.38591213105,346305.05037184467,307749.7214524174,0.9839274168014527,1.0093753039836884,25.05286713242531,3.8611759185791,24,30.90734577178955,27.76948294043541,0.0,0.44185885787010193,1.3906016051769257,7.9751982390880585,0.20364752411842346,5.838871002197266e-05,31.112577384710313,5120,5120,40,2,4,9205760,7224320,64
