InnerIters,OuterIters,ResidualReductions,SimTime
1,6,0.00268903893326787,1009.6357153698095
