Dt,DxAvg,DxMax,DxMin,KSPF0,KSPFSLow,KSPSchur,KSPother,NuCFL,PETSCLogKSPSolve,PETSCLogPCApply,PETSCLogPCSetup,PETSCLogPreSNESFunctionEval,PETSCLogPreSNESJacobianEval,PETSCLogPreSetup,SNESFunctionEval,SNESJacobianEval,SNESSolve,num_cells,num_horizontal_cells,num_processes,order,refinement_level,total_dofs,velocity_pressure_dofs,vertical_layers
8077.085722958476,327027.38591213105,346305.05037184467,307749.7214524174,0.508570522069931,0.4862746000289917,12.802358275651931,1.66097230911255,8,15.458175706863404,14.199255257844925,0.0,0.44498489499092103,1.3979851007461548,8.853973758220672,0.19565126895904542,4.9608945846557614e-05,15.655508095026017,5120,5120,40,2,4,9205760,7224320,64
