Coriolis,Dt,DxAvg,DxMax,DxMin,KSPF0,KSPFSLow,KSPSchur,KSPother,LidHeight,MeshDegree,NuCFL,PETSCLogKSPSolve,PETSCLogPCApply,PETSCLogPCSetup,PETSCLogPreSNESFunctionEval,PETSCLogPreSNESJacobianEval,PETSCLogPreSetup,Radius,SNESFunctionEval,SNESJacobianEval,SNESSolve,num_cells,num_horizontal_cells,num_processes,order,refinement_level,total_dofs,velocity_pressure_dofs,vertical_layers
False,4038.542861479238,327027.38591213105,346305.05037184467,307749.7214524174,0.25357778668403624,0.2610857427120209,6.780788731575012,0.7843450307846069,80000.0,1,4,8.079797291755677,7.517473369836807,0.0,0.4337953686714172,1.3882620811462403,8.164249736070634,6371000.0,0.1944141387939453,4.984140396118164e-05,8.275927853584289,5120,5120,40,2,4,9205760,7224320,64
