InnerIters,OuterIters,ResidualReductions,SimTime
1,12,0.00784718182473978,8077.085722958476
