Dt,DxAvg,DxMax,DxMin,KSPF0,KSPFSLow,KSPSchur,KSPother,NuCFL,PETSCLogKSPSolve,PETSCLogPCApply,PETSCLogPCSetup,PETSCLogPreSNESFunctionEval,PETSCLogPreSNESJacobianEval,PETSCLogPreSetup,SNESFunctionEval,SNESJacobianEval,SNESSolve,num_cells,num_horizontal_cells,num_processes,order,refinement_level,total_dofs,velocity_pressure_dofs,vertical_layers
1009.6357153698095,327027.38591213105,346305.05037184467,307749.7214524174,0.21765929460525513,0.211834317445755,5.465035462379456,0.5726693570613861,1,6.467198431491852,6.0547777771949765,0.0,0.4427762389183044,1.3892934262752532,7.925336575508117,0.195592999458313,4.9233436584472656e-05,6.664494144916534,5120,5120,40,2,4,9205760,7224320,64
