InnerIters,OuterIters,ResidualReductions,SimTime
1,7,0.004052832860567827,2019.271430739619
