InnerIters,OuterIters,ResidualReductions,SimTime
1,8,0.002685789570541415,1009.6357153698095
