InnerIters,OuterIters,ResidualReductions,SimTime
1,13,0.00949082213999961,16154.171445916953
