InnerIters,OuterIters,ResidualReductions,SimTime
1,20,0.007654675885578062,8077.085722958476
