Dt,DxAvg,DxMax,DxMin,KSPF0,KSPFSLow,KSPSchur,KSPother,NuCFL,PETSCLogKSPSolve,PETSCLogPCApply,PETSCLogPCSetup,PETSCLogPreSNESFunctionEval,PETSCLogPreSNESJacobianEval,PETSCLogPreSetup,SNESFunctionEval,SNESJacobianEval,SNESSolve,num_cells,num_horizontal_cells,num_processes,order,refinement_level,total_dofs,velocity_pressure_dofs,vertical_layers
16154.171445916953,327027.38591213105,346305.05037184467,307749.7214524174,0.7651287496089936,0.7792436122894287,19.77401821613312,2.957236653566362,16,24.275627231597902,22.0087967813015,0.0,0.43894410133361816,1.3992587804794312,7.959863448143006,0.1958496391773224,5.0073862075805665e-05,24.473113828897475,5120,5120,40,2,4,9205760,7224320,64
