InnerIters,OuterIters,ResidualReductions,SimTime
1,23,0.008259983669975083,10096.357153698094
