Dt,DxAvg,DxMax,DxMin,KSPF0,KSPFSLow,KSPSchur,KSPother,NuCFL,PETSCLogKSPSolve,PETSCLogPCApply,PETSCLogPCSetup,PETSCLogPreSNESFunctionEval,PETSCLogPreSNESJacobianEval,PETSCLogPreSetup,SNESFunctionEval,SNESJacobianEval,SNESSolve,num_cells,num_horizontal_cells,num_processes,order,refinement_level,total_dofs,velocity_pressure_dofs,vertical_layers
10096.357153698094,327027.38591213105,346305.05037184467,307749.7214524174,0.5730533838272095,0.5830974102020263,14.63869812488556,1.9171729326248155,10,17.71202185153961,16.2329621553421,0.0,0.43989746570587157,1.387881588935852,8.121592819690704,0.19551233649253846,5.071759223937988e-05,17.909196603298188,5120,5120,40,2,4,9205760,7224320,64
