InnerIters,OuterIters,ResidualReductions,SimTime
1,16,0.010110362309409742,24231.25716887543
