InnerIters,OuterIters,ResidualReductions,SimTime
1,19,0.010415293956863074,32308.342891833905
