InnerIters,OuterIters,ResidualReductions,SimTime
1,10,0.00578973926692844,4038.542861479238
