InnerIters,OuterIters,ResidualReductions,SimTime
1,13,0.008452892999653405,10096.357153698094
