InnerIters,OuterIters,ResidualReductions,SimTime
1,9,0.004045545587124498,2019.271430739619
