InnerIters,OuterIters,ResidualReductions,SimTime
1,31,0.009532568307490778,16154.171445916953
