InnerIters,OuterIters,ResidualReductions,SimTime
6,4,0.0019238750031993232,2020.8700101017891
