InnerIters,OuterIters,ResidualReductions,SimTime
5,4,0.003266497465631281,6062.610030305368
