InnerIters,OuterIters,ResidualReductions,SimTime
6,4,0.002147885438660158,2526.0875126272367
