InnerIters,OuterIters,ResidualReductions,SimTime
4,4,0.0009073150119768733,505.2175025254473
