InnerIters,OuterIters,ResidualReductions,SimTime
6,4,0.002705908476866662,4041.7400202035783
