InnerIters,OuterIters,ResidualReductions,SimTime
5,4,0.0036712284194959383,8083.480040407157
