InnerIters,OuterIters,ResidualReductions,SimTime
6,4,0.0013554620425480202,1010.4350050508946
