InnerIters,OuterIters,ResidualReductions,SimTime
3,4,0.0005293435773272349,252.60875126272364
