InnerIters,OuterIters,ResidualReductions,SimTime
4,1,0.002719280448226386,4041.5602027738587
