InnerIters,OuterIters,ResidualReductions,SimTime
4,1,0.0009073693656338278,505.19502534673234
