InnerIters,OuterIters,ResidualReductions,SimTime
4,1,0.003698357557850136,8083.120405547717
