InnerIters,OuterIters,ResidualReductions,SimTime
4,1,0.0005319752807647509,252.59751267336617
