InnerIters,OuterIters,ResidualReductions,SimTime
4,1,0.0032859446127339854,6062.340304160788
