InnerIters,OuterIters,ResidualReductions,SimTime
8,1,0.0009104803257599435,505.19502534673234
