InnerIters,OuterIters,ResidualReductions,SimTime
13,1,0.0021528145412004047,2525.9751267336615
