InnerIters,OuterIters,ResidualReductions,SimTime
11,1,0.0013591693246077338,1010.3900506934647
