InnerIters,OuterIters,ResidualReductions,SimTime
11,1,0.0032715167216093278,6062.340304160788
