InnerIters,OuterIters,ResidualReductions,SimTime
13,1,0.0027102447352158826,4041.5602027738587
