InnerIters,OuterIters,ResidualReductions,SimTime
3,1,0.0005293085752290797,252.59751267336617
