InnerIters,OuterIters,ResidualReductions,SimTime
5,1,0.001355473392958564,1010.3900506934647
