InnerIters,OuterIters,ResidualReductions,SimTime
5,1,0.002149473315972931,2525.9751267336615
