InnerIters,OuterIters,ResidualReductions,SimTime
5,1,0.0019247187982251357,2020.7801013869293
