InnerIters,OuterIters,ResidualReductions,SimTime
13,1,0.001928520234113966,2020.7801013869293
