InnerIters,OuterIters,ResidualReductions,SimTime
11,6,0.008308035812602813,10103.539555542284
