InnerIters,OuterIters,ResidualReductions,SimTime
6,5,0.004053540912948858,2020.7079111084568
