InnerIters,OuterIters,ResidualReductions,SimTime
12,9,0.00976550186995142,24248.494933301485
