InnerIters,OuterIters,ResidualReductions,SimTime
8,5,0.005773988874718188,4041.4158222169135
