InnerIters,OuterIters,ResidualReductions,SimTime
11,5,0.007745834048847247,8082.831644433827
