InnerIters,OuterIters,ResidualReductions,SimTime
15,16,0.010017022598178158,32331.326577735308
