InnerIters,OuterIters,ResidualReductions,SimTime
4,5,0.0026809182924823656,1010.3539555542284
