InnerIters,OuterIters,ResidualReductions,SimTime
11,7,0.009238646603730867,16165.663288867654
