InnerIters,OuterIters,ResidualReductions,SimTime
4,1,0.007741931511537403,8082.831644433827
