InnerIters,OuterIters,ResidualReductions,SimTime
4,1,0.005775801230355153,4041.4158222169135
