InnerIters,OuterIters,ResidualReductions,SimTime
4,1,0.004053636408936899,2020.7079111084568
