InnerIters,OuterIters,ResidualReductions,SimTime
4,1,0.010158154777713008,32331.326577735308
