InnerIters,OuterIters,ResidualReductions,SimTime
4,1,0.008302221626229143,10103.539555542284
