InnerIters,OuterIters,ResidualReductions,SimTime
4,1,0.009234434978194222,16165.663288867654
