InnerIters,OuterIters,ResidualReductions,SimTime
3,1,0.0026809737842222927,1010.3539555542284
