InnerIters,OuterIters,ResidualReductions,SimTime
4,1,0.009783542563481342,24248.494933301485
