InnerIters,OuterIters,ResidualReductions,SimTime
6,1,0.005789814990737541,4038.542861479238
