InnerIters,OuterIters,ResidualReductions,SimTime
6,1,0.004052824242562106,2019.271430739619
