InnerIters,OuterIters,ResidualReductions,SimTime
18,1,0.007655034079586627,8077.085722958476
