InnerIters,OuterIters,ResidualReductions,SimTime
5,1,0.010107829889734236,24231.25716887543
