InnerIters,OuterIters,ResidualReductions,SimTime
20,1,0.009539180124295001,16154.171445916953
