InnerIters,OuterIters,ResidualReductions,SimTime
4,1,0.0026890199098321345,1009.6357153698095
