InnerIters,OuterIters,ResidualReductions,SimTime
6,1,0.008458023009106058,10096.357153698094
