InnerIters,OuterIters,ResidualReductions,SimTime
19,1,0.008261529018942957,10096.357153698094
