InnerIters,OuterIters,ResidualReductions,SimTime
5,1,0.009493835983772693,16154.171445916953
