InnerIters,OuterIters,ResidualReductions,SimTime
27,1,0.010868516433845007,24231.25716887543
