InnerIters,OuterIters,ResidualReductions,SimTime
6,1,0.0026857894286503744,1009.6357153698095
