InnerIters,OuterIters,ResidualReductions,SimTime
14,1,0.005718214804555983,4038.542861479238
