InnerIters,OuterIters,ResidualReductions,SimTime
6,1,0.007853098419451013,8077.085722958476
