InnerIters,OuterIters,ResidualReductions,SimTime
9,1,0.00404552646677646,2019.271430739619
