InnerIters,OuterIters,ResidualReductions,SimTime
5,1,0.010423865189408618,32308.342891833905
