InnerIters,OuterIters,ResidualReductions,SimTime
19,14,0.009532791449675605,16154.171445916953
