InnerIters,OuterIters,ResidualReductions,SimTime
6,7,0.005789758712006578,4038.542861479238
