InnerIters,OuterIters,ResidualReductions,SimTime
5,16,0.01054929576423868,32308.342891833905
