Dt,DxAvg,DxMax,DxMin,KSPF0,KSPFSLow,KSPSchur,KSPother,NuCFL,PETSCLogKSPSolve,PETSCLogPCApply,PETSCLogPCSetup,PETSCLogPreSNESFunctionEval,PETSCLogPreSNESJacobianEval,PETSCLogPreSetup,SNESFunctionEval,SNESJacobianEval,SNESSolve,num_cells,num_horizontal_cells,num_processes,order,refinement_level,total_dofs,velocity_pressure_dofs,vertical_layers
16154.171445916953,327027.38591213105,346305.05037184467,307749.7214524174,0.3707346975803375,0.35882415175437926,177.75796154141426,1.0336089730262756,16,179.52112936377526,178.7479768395424,0.0,0.45303131341934205,1.38781236410141,7.978805434703827,0.19577584266662598,5.116462707519531e-05,179.71852931976318,5120,5120,40,2,4,9205760,7224320,64
