InnerIters,OuterIters,ResidualReductions,SimTime
7,9,0.008453002235541214,10096.357153698094
