InnerIters,OuterIters,ResidualReductions,SimTime
9,8,0.005718360892498887,4038.542861479238
