Dt,DxAvg,DxMax,DxMin,KSPF0,KSPFSLow,KSPSchur,KSPother,NuCFL,PETSCLogKSPSolve,PETSCLogPCApply,PETSCLogPCSetup,PETSCLogPreSNESFunctionEval,PETSCLogPreSNESJacobianEval,PETSCLogPreSetup,SNESFunctionEval,SNESJacobianEval,SNESSolve,num_cells,num_horizontal_cells,num_processes,order,refinement_level,total_dofs,velocity_pressure_dofs,vertical_layers
4038.542861479238,327027.38591213105,346305.05037184467,307749.7214524174,0.2229239821434021,0.21068159937858583,56.35004177093506,0.5630700349807753,4,57.34671738743782,56.94129511117935,0.0,0.45090319514274596,1.3942279100418091,8.141232389211655,0.19484416842460633,4.884004592895508e-05,57.543195706605914,5120,5120,40,2,4,9205760,7224320,64
