InnerIters,OuterIters,ResidualReductions,SimTime
3,6,0.002689039059680641,1009.6357153698095
