InnerIters,OuterIters,ResidualReductions,SimTime
6,8,0.004045545588011146,2019.271430739619
