Dt,DxAvg,DxMax,DxMin,KSPF0,KSPFSLow,KSPSchur,KSPother,NuCFL,PETSCLogKSPSolve,PETSCLogPCApply,PETSCLogPCSetup,PETSCLogPreSNESFunctionEval,PETSCLogPreSNESJacobianEval,PETSCLogPreSetup,SNESFunctionEval,SNESJacobianEval,SNESSolve,num_cells,num_horizontal_cells,num_processes,order,refinement_level,total_dofs,velocity_pressure_dofs,vertical_layers
1009.6357153698095,327027.38591213105,346305.05037184467,307749.7214524174,0.22271982431411744,0.21286849975585936,23.162989062070846,0.5789626777172074,1,24.177540063858032,23.772513735294343,0.0,0.4365392327308655,1.3908725798130035,8.280456674098968,0.19516897201538086,5.131363868713379e-05,24.374383407831193,5120,5120,40,2,4,9205760,7224320,64
