InnerIters,OuterIters,ResidualReductions,SimTime
3,8,0.0026857895445444,1009.6357153698095
