Coriolis,Dt,DxAvg,DxMax,DxMin,KSPF0,KSPFSLow,KSPSchur,KSPother,LidHeight,MeshDegree,NuCFL,PETSCLogKSPSolve,PETSCLogPCApply,PETSCLogPCSetup,PETSCLogPreSNESFunctionEval,PETSCLogPreSNESJacobianEval,PETSCLogPreSetup,Radius,SNESFunctionEval,SNESJacobianEval,SNESSolve,num_cells,num_horizontal_cells,num_processes,order,refinement_level,total_dofs,velocity_pressure_dofs,vertical_layers
False,8077.085722958476,327027.38591213105,346305.05037184467,307749.7214524174,0.21653071641921998,0.19651041626930238,48.25714676976204,0.6123653888702378,80000.0,1,8,49.2825532913208,48.84721556901932,0.0,0.4244678199291229,1.3832238495349884,8.025166970491409,6371000.0,0.19438579082489013,4.988908767700195e-05,49.47862292528153,5120,5120,40,2,4,9205760,7224320,64
