InnerIters,OuterIters,ResidualReductions,SimTime
14,10,0.007654796589307799,8077.085722958476
