InnerIters,OuterIters,ResidualReductions,SimTime
6,13,0.010111201919218752,24231.25716887543
