InnerIters,OuterIters,ResidualReductions,SimTime
8,8,0.007846625212576508,8077.085722958476
