Dt,DxAvg,DxMax,DxMin,KSPF0,KSPFSLow,KSPSchur,KSPother,NuCFL,PETSCLogKSPSolve,PETSCLogPCApply,PETSCLogPCSetup,PETSCLogPreSNESFunctionEval,PETSCLogPreSNESJacobianEval,PETSCLogPreSetup,SNESFunctionEval,SNESJacobianEval,SNESSolve,num_cells,num_horizontal_cells,num_processes,order,refinement_level,total_dofs,velocity_pressure_dofs,vertical_layers
2019.271430739619,327027.38591213105,346305.05037184467,307749.7214524174,0.2162843108177185,0.2118235468864441,40.855181354284284,0.5853155136108441,2,41.86860472559929,41.44572348594666,0.0,0.44831262826919555,1.3914504766464233,7.955687701702118,0.19632189273834227,5.167722702026367e-05,42.06663006544113,5120,5120,40,2,4,9205760,7224320,64
