Dt,DxAvg,DxMax,DxMin,KSPF0,KSPFSLow,KSPSchur,KSPother,NuCFL,PETSCLogKSPSolve,PETSCLogPCApply,PETSCLogPCSetup,PETSCLogPreSNESFunctionEval,PETSCLogPreSNESJacobianEval,PETSCLogPreSetup,SNESFunctionEval,SNESJacobianEval,SNESSolve,num_cells,num_horizontal_cells,num_processes,order,refinement_level,total_dofs,velocity_pressure_dofs,vertical_layers
10096.357153698094,327027.38591213105,346305.05037184467,307749.7214524174,0.29635369777679443,0.28453195095062256,117.28986356854439,0.7955024838447571,10,118.66625170111656,118.07948271036148,0.0,0.4391593337059021,1.4082611083984375,8.122728908061982,0.19538326263427735,5.414485931396484e-05,118.86328779459,5120,5120,40,2,4,9205760,7224320,64
