InnerIters,OuterIters,ResidualReductions,SimTime
6,11,0.00949064551981758,16154.171445916953
