InnerIters,OuterIters,ResidualReductions,SimTime
14,11,0.008259985325712987,10096.357153698094
