InnerIters,OuterIters,ResidualReductions,SimTime
4,6,0.004052821515642119,2019.271430739619
