InnerIters,OuterIters,ResidualReductions,SimTime
4,4,0.0032806468799281303,6062.340304160788
