InnerIters,OuterIters,ResidualReductions,SimTime
5,4,0.0021494858412506156,2525.9751267336615
