InnerIters,OuterIters,ResidualReductions,SimTime
4,4,0.0036945232090876304,8083.120405547717
