InnerIters,OuterIters,ResidualReductions,SimTime
10,6,0.0013591488416536221,1010.3900506934647
