Dt,DxAvg,DxMax,DxMin,KSPF0,KSPFSLow,KSPSchur,KSPother,NuCFL,PETSCLogKSPSolve,PETSCLogPCApply,PETSCLogPCSetup,PETSCLogPreSNESFunctionEval,PETSCLogPreSNESJacobianEval,PETSCLogPreSetup,SNESFunctionEval,SNESJacobianEval,SNESSolve,num_cells,num_horizontal_cells,num_processes,order,refinement_level,total_dofs,velocity_pressure_dofs,vertical_layers
6062.340304160788,78041.8196483936,86640.9468469646,69442.6924498226,0.15465259552001953,0.14580218195915223,87.27917585372924,0.515508824586874,24,88.09513945579529,87.73571484684945,0.0,1.3724270284175872,1.8542447328567504,56.70630305409431,0.5653197705745697,7.14123249053955e-05,88.66465820670128,81920,81920,40,1,6,23756800,18432000,64
