InnerIters,OuterIters,ResidualReductions,SimTime
5,4,0.002711667962013752,4041.5602027738587
