InnerIters,OuterIters,ResidualReductions,SimTime
20,6,0.003267727806103258,6062.340304160788
