InnerIters,OuterIters,ResidualReductions,SimTime
5,6,0.0009104765096935838,505.19502534673234
