InnerIters,OuterIters,ResidualReductions,SimTime
18,6,0.00271016351611722,4041.5602027738587
