Dt,DxAvg,DxMax,DxMin,KSPF0,KSPFSLow,KSPSchur,KSPother,NuCFL,PETSCLogKSPSolve,PETSCLogPCApply,PETSCLogPCSetup,PETSCLogPreSNESFunctionEval,PETSCLogPreSNESJacobianEval,PETSCLogPreSetup,SNESFunctionEval,SNESJacobianEval,SNESSolve,num_cells,num_horizontal_cells,num_processes,order,refinement_level,total_dofs,velocity_pressure_dofs,vertical_layers
252.59751267336617,78041.8196483936,86640.9468469646,69442.6924498226,0.15653488039970398,0.1512228727340698,13.614279347658158,0.5054808676242821,1,14.427517968416215,14.074498623609543,0.0,1.2548848092556,1.8349108457565309,54.22184172868729,0.565535843372345,6.979107856750489e-05,14.997321087121964,81920,81920,40,1,6,23756800,18432000,64
