InnerIters,OuterIters,ResidualReductions,SimTime
5,4,0.0019247050665012653,2020.7801013869293
