Dt,DxAvg,DxMax,DxMin,KSPF0,KSPFSLow,KSPSchur,KSPother,NuCFL,PETSCLogKSPSolve,PETSCLogPCApply,PETSCLogPCSetup,PETSCLogPreSNESFunctionEval,PETSCLogPreSNESJacobianEval,PETSCLogPreSetup,SNESFunctionEval,SNESJacobianEval,SNESSolve,num_cells,num_horizontal_cells,num_processes,order,refinement_level,total_dofs,velocity_pressure_dofs,vertical_layers
2020.7801013869293,78041.8196483936,86640.9468469646,69442.6924498226,0.15466780066490174,0.1492921769618988,67.0661773443222,0.5089845359325551,8,67.87912185788154,67.52266629934311,0.0,1.200489616394043,1.8090487718582153,61.76212518215179,0.5645592331886291,8.248090744018554e-05,68.44787412285805,81920,81920,40,1,6,23756800,18432000,64
