InnerIters,OuterIters,ResidualReductions,SimTime
2,4,0.0005293048189191413,252.59751267336617
