InnerIters,OuterIters,ResidualReductions,SimTime
15,6,0.0019283771859691192,2020.7801013869293
