InnerIters,OuterIters,ResidualReductions,SimTime
16,6,0.002152534895367185,2525.9751267336615
