Dt,DxAvg,DxMax,DxMin,KSPF0,KSPFSLow,KSPSchur,KSPother,NuCFL,PETSCLogKSPSolve,PETSCLogPCApply,PETSCLogPCSetup,PETSCLogPreSNESFunctionEval,PETSCLogPreSNESJacobianEval,PETSCLogPreSetup,SNESFunctionEval,SNESJacobianEval,SNESSolve,num_cells,num_horizontal_cells,num_processes,order,refinement_level,total_dofs,velocity_pressure_dofs,vertical_layers
505.19502534673234,78041.8196483936,86640.9468469646,69442.6924498226,0.15568012595176697,0.1508401155471802,27.672710281610488,0.5045056819915779,2,28.483736205101014,28.133522117137908,0.0,1.1624093234539032,1.796017575263977,53.05317165255546,0.5651690900325775,7.356405258178711e-05,29.05320303440094,81920,81920,40,1,6,23756800,18432000,64
