InnerIters,OuterIters,ResidualReductions,SimTime
5,4,0.0013555050073807751,1010.3900506934647
