Coriolis,Dt,DxAvg,DxMax,DxMin,KSPF0,KSPFSLow,KSPSchur,KSPother,LidHeight,MeshDegree,NuCFL,PETSCLogKSPSolve,PETSCLogPCApply,PETSCLogPCSetup,PETSCLogPreSNESFunctionEval,PETSCLogPreSNESJacobianEval,PETSCLogPreSetup,Radius,SNESFunctionEval,SNESJacobianEval,SNESSolve,num_cells,num_horizontal_cells,num_processes,order,refinement_level,total_dofs,velocity_pressure_dofs,vertical_layers
False,8083.120405547717,78041.8196483936,86640.9468469646,69442.6924498226,0.11060729026794433,0.10615100860595703,16.97872614264488,0.3803596735000667,80000.0,1,32,17.575844115018846,17.30589519739151,0.0,1.217367309331894,1.700010931491852,53.913534104824066,6371000.0,0.5548548042774201,6.954669952392578e-05,18.134885585308076,81920,81920,40,1,6,23756800,18432000,64
