Dt,DxAvg,DxMax,DxMin,KSPF0,KSPFSLow,KSPSchur,KSPother,NuCFL,PETSCLogKSPSolve,PETSCLogPCApply,PETSCLogPCSetup,PETSCLogPreSNESFunctionEval,PETSCLogPreSNESJacobianEval,PETSCLogPreSetup,SNESFunctionEval,SNESJacobianEval,SNESSolve,num_cells,num_horizontal_cells,num_processes,order,refinement_level,total_dofs,velocity_pressure_dofs,vertical_layers
4041.5602027738587,78041.8196483936,86640.9468469646,69442.6924498226,0.15366942286491395,0.149257093667984,84.26539213061332,0.5492550313472861,16,85.1175736784935,84.7232336461544,0.0,1.2779134333133697,1.8323919177055359,55.78393976092339,0.5646210610866547,7.469058036804199e-05,85.6864436328411,81920,81920,40,1,6,23756800,18432000,64
