Dt,DxAvg,DxMax,DxMin,KSPF0,KSPFSLow,KSPSchur,KSPother,NuCFL,PETSCLogKSPSolve,PETSCLogPCApply,PETSCLogPCSetup,PETSCLogPreSNESFunctionEval,PETSCLogPreSNESJacobianEval,PETSCLogPreSetup,SNESFunctionEval,SNESJacobianEval,SNESSolve,num_cells,num_horizontal_cells,num_processes,order,refinement_level,total_dofs,velocity_pressure_dofs,vertical_layers
2525.9751267336615,78041.8196483936,86640.9468469646,69442.6924498226,0.15412571430206298,0.1475602924823761,72.957291918993,0.5126787781715336,10,73.77165670394898,73.41378936767578,0.0,1.2550675213336944,1.8186291396617889,51.00307246446609,0.566436356306076,7.852315902709961e-05,74.34229395985604,81920,81920,40,1,6,23756800,18432000,64
