InnerIters,OuterIters,ResidualReductions,SimTime
25,8,0.004588160382280533,16166.240811095435
