Dt,DxAvg,DxMax,DxMin,KSPF0,KSPFSLow,KSPSchur,KSPother,NuCFL,PETSCLogKSPSolve,PETSCLogPCApply,PETSCLogPCSetup,PETSCLogPreSNESFunctionEval,PETSCLogPreSNESJacobianEval,PETSCLogPreSetup,SNESFunctionEval,SNESJacobianEval,SNESSolve,num_cells,num_horizontal_cells,num_processes,order,refinement_level,total_dofs,velocity_pressure_dofs,vertical_layers
1010.3900506934647,78041.8196483936,86640.9468469646,69442.6924498226,0.14906125664710998,0.1405189275741577,52.31168445944786,0.6484864711761489,4,53.249751114845274,52.7728629052639,0.0,1.172245991230011,1.7934874057769776,55.28123695254326,0.5645779371261597,7.692575454711914e-05,53.81846560239792,81920,81920,40,1,6,23756800,18432000,64
