InnerIters,OuterIters,ResidualReductions,SimTime
4,4,0.0009072647181114645,505.19502534673234
