InnerIters,OuterIters,ResidualReductions,SimTime
24,6,0.003668403892611734,8083.120405547717
