InnerIters,OuterIters,ResidualReductions,SimTime
2,6,0.0005319778075615327,252.59751267336617
