Dt,DxAvg,DxMax,DxMin,KSPF0,KSPFSLow,KSPSchur,KSPother,NuCFL,PETSCLogKSPSolve,PETSCLogPCApply,PETSCLogPCSetup,PETSCLogPreSNESFunctionEval,PETSCLogPreSNESJacobianEval,PETSCLogPreSetup,SNESFunctionEval,SNESJacobianEval,SNESSolve,num_cells,num_horizontal_cells,num_processes,order,refinement_level,total_dofs,velocity_pressure_dofs,vertical_layers
252.59751267336617,78041.8196483936,86640.9468469646,69442.6924498226,0.1541064977645874,0.141589891910553,4.365819066762924,0.527597498893738,1,5.189112955331803,4.829535669088363,0.0,1.237292093038559,1.8830374002456665,60.20392678976059,0.5643617033958435,7.259249687194825e-05,5.757797747850418,81920,81920,40,1,6,23756800,18432000,64
