Dt,DxAvg,DxMax,DxMin,KSPF0,KSPFSLow,KSPSchur,KSPother,NuCFL,PETSCLogKSPSolve,PETSCLogPCApply,PETSCLogPCSetup,PETSCLogPreSNESFunctionEval,PETSCLogPreSNESJacobianEval,PETSCLogPreSetup,SNESFunctionEval,SNESJacobianEval,SNESSolve,num_cells,num_horizontal_cells,num_processes,order,refinement_level,total_dofs,velocity_pressure_dofs,vertical_layers
6062.340304160788,78041.8196483936,86640.9468469646,69442.6924498226,0.571023041009903,0.5724509954452515,16.08750186562538,2.914422130584718,24,20.145398032665252,17.789437824487685,0.0,1.291117125749588,1.7901316106319427,53.082917189598085,0.564210319519043,7.42018222808838e-05,20.713771325349807,81920,81920,40,1,6,23756800,18432000,64
