InnerIters,OuterIters,ResidualReductions,SimTime
1,25,0.003267438688257354,6062.340304160788
