Dt,DxAvg,DxMax,DxMin,KSPF0,KSPFSLow,KSPSchur,KSPother,NuCFL,PETSCLogKSPSolve,PETSCLogPCApply,PETSCLogPCSetup,PETSCLogPreSNESFunctionEval,PETSCLogPreSNESJacobianEval,PETSCLogPreSetup,SNESFunctionEval,SNESJacobianEval,SNESSolve,num_cells,num_horizontal_cells,num_processes,order,refinement_level,total_dofs,velocity_pressure_dofs,vertical_layers
1010.3900506934647,78041.8196483936,86640.9468469646,69442.6924498226,0.28503087162971497,0.28195873498916624,8.112323600053788,1.1046442091464996,4,9.783957415819168,8.960105723142624,0.0,1.2730189383029937,1.8260870635509492,55.330754125118254,0.5646685063838959,7.274150848388672e-05,10.35289117693901,81920,81920,40,1,6,23756800,18432000,64
