InnerIters,OuterIters,ResidualReductions,SimTime
1,5,0.0009072624168826745,505.19502534673234
