InnerIters,OuterIters,ResidualReductions,SimTime
1,7,0.0021494565367654156,2525.9751267336615
