InnerIters,OuterIters,ResidualReductions,SimTime
1,7,0.0019246597826846523,2020.7801013869293
