InnerIters,OuterIters,ResidualReductions,SimTime
1,4,0.0005293038174277798,252.59751267336617
