InnerIters,OuterIters,ResidualReductions,SimTime
1,23,0.0027099821427668666,4041.5602027738587
