InnerIters,OuterIters,ResidualReductions,SimTime
1,12,0.0013591515788347846,1010.3900506934647
