InnerIters,OuterIters,ResidualReductions,SimTime
1,6,0.0005319779883965971,252.59751267336617
