Dt,DxAvg,DxMax,DxMin,KSPF0,KSPFSLow,KSPSchur,KSPother,NuCFL,PETSCLogKSPSolve,PETSCLogPCApply,PETSCLogPCSetup,PETSCLogPreSNESFunctionEval,PETSCLogPreSNESJacobianEval,PETSCLogPreSetup,SNESFunctionEval,SNESJacobianEval,SNESSolve,num_cells,num_horizontal_cells,num_processes,order,refinement_level,total_dofs,velocity_pressure_dofs,vertical_layers
2020.7801013869293,78041.8196483936,86640.9468469646,69442.6924498226,0.4177663207054138,0.4125272512435913,11.729027491807937,2.0044561326503754,8,14.563777196407319,12.982049614191055,0.0,1.1630456745624542,1.8211625039577484,54.74486917257309,0.5687622964382172,6.648898124694824e-05,15.136755412817001,81920,81920,40,1,6,23756800,18432000,64
