InnerIters,OuterIters,ResidualReductions,SimTime
1,18,0.0019283347733612774,2020.7801013869293
