InnerIters,OuterIters,ResidualReductions,SimTime
1,6,0.0036945078624742844,8083.120405547717
