Dt,DxAvg,DxMax,DxMin,KSPF0,KSPFSLow,KSPSchur,KSPother,NuCFL,PETSCLogKSPSolve,PETSCLogPCApply,PETSCLogPCSetup,PETSCLogPreSNESFunctionEval,PETSCLogPreSNESJacobianEval,PETSCLogPreSetup,SNESFunctionEval,SNESJacobianEval,SNESSolve,num_cells,num_horizontal_cells,num_processes,order,refinement_level,total_dofs,velocity_pressure_dofs,vertical_layers
2525.9751267336615,78041.8196483936,86640.9468469646,69442.6924498226,0.4396637499332428,0.439279705286026,12.431228536367417,1.983611989021302,10,15.293783980607987,13.758696293830871,0.0,1.2398864150047302,1.8935061156749726,51.96627306342125,0.5871956646442413,7.265806198120117e-05,15.88516824245453,81920,81920,40,1,6,23756800,18432000,64
