InnerIters,OuterIters,ResidualReductions,SimTime
1,7,0.0009104767327762506,505.19502534673234
