InnerIters,OuterIters,ResidualReductions,SimTime
1,6,0.003280631104398627,6062.340304160788
