InnerIters,OuterIters,ResidualReductions,SimTime
1,7,0.0027116702199573113,4041.5602027738587
