InnerIters,OuterIters,ResidualReductions,SimTime
1,19,0.0021525308913994184,2525.9751267336615
