InnerIters,OuterIters,ResidualReductions,SimTime
1,7,0.0013554981734335992,1010.3900506934647
