Dt,DxAvg,DxMax,DxMin,KSPF0,KSPFSLow,KSPSchur,KSPother,NuCFL,PETSCLogKSPSolve,PETSCLogPCApply,PETSCLogPCSetup,PETSCLogPreSNESFunctionEval,PETSCLogPreSNESJacobianEval,PETSCLogPreSetup,SNESFunctionEval,SNESJacobianEval,SNESSolve,num_cells,num_horizontal_cells,num_processes,order,refinement_level,total_dofs,velocity_pressure_dofs,vertical_layers
4041.5602027738587,78041.8196483936,86640.9468469646,69442.6924498226,0.5266781985759735,0.5278691291809082,14.908454376459122,2.586280626058578,16,18.549282330274583,16.47743847966194,0.0,1.2040209352970124,1.818031084537506,49.503005570173265,0.5646496117115021,7.755756378173828e-05,19.118022096157073,81920,81920,40,1,6,23756800,18432000,64
