Coriolis,Dt,DxAvg,DxMax,DxMin,KSPF0,KSPFSLow,KSPSchur,KSPother,LidHeight,MeshDegree,NuCFL,PETSCLogKSPSolve,PETSCLogPCApply,PETSCLogPCSetup,PETSCLogPreSNESFunctionEval,PETSCLogPreSNESJacobianEval,PETSCLogPreSetup,Radius,SNESFunctionEval,SNESJacobianEval,SNESSolve,num_cells,num_horizontal_cells,num_processes,order,refinement_level,total_dofs,velocity_pressure_dofs,vertical_layers
False,505.19502534673234,78041.8196483936,86640.9468469646,69442.6924498226,0.1328785836696625,0.13367645740509032,3.6898777186870575,0.4131195068359377,80000.0,1,2,4.369552266597748,4.084653854370117,0.0,1.262421476840973,1.7130566716194153,53.419075179100034,6371000.0,0.5632243633270264,5.615353584289551e-05,4.937053585052491,81920,81920,40,1,6,23756800,18432000,64
